INSERT INTO `people` (`id`, `first_name`, `middle_name`, `last_name`, `khmer_first_name`, `khmer_last_name`, `sex`, `birth`, `types`, `picture`) VALUES
(1004, 'Catherine', NULL, 'Aldiano', NULL, NULL, 'F', NULL, '/student/', 26),
(1005, 'Emelie', NULL, 'Anggoy', NULL, NULL, 'F', NULL, '/student/', 27),
(1006, 'Ricky Jay', NULL, 'Bagahansol', NULL, NULL, 'M', NULL, '/student/', 28),
(1007, 'Luisa', NULL, 'Canayan', NULL, NULL, 'F', NULL, '/student/', 29),
(1008, 'Jefferson', NULL, 'Cogay', NULL, NULL, 'M', NULL, '/student/', 30),
(1009, 'Fie Angela', NULL, 'Concepcion', NULL, NULL, 'F', NULL, '/student/', 31),
(1010, 'Jaizzly Jane', NULL, 'Dela Peña', NULL, NULL, 'F', NULL, '/student/', 32),
(1011, 'April Jane', NULL, 'Delabrino', NULL, NULL, 'F', NULL, '/student/', 33),
(1012, 'Anna Marie', NULL, 'Ebonalo', NULL, NULL, 'F', NULL, '/student/', 34),
(1013, 'John Rey', NULL, 'Flores', NULL, NULL, 'M', NULL, '/student/', 35),
(1014, 'Rhey Anthony', NULL, 'Laurente', NULL, NULL, 'M', NULL, '/student/', 36),
(1015, 'Clair Ann', NULL, 'Lenohan', NULL, NULL, 'F', NULL, '/student/', 37),
(1016, 'Catherine', NULL, 'Madaje', NULL, NULL, 'F', NULL, '/student/', 38),
(1017, 'Albert Kieth', NULL, 'Monterola', NULL, NULL, 'M', NULL, '/student/', 39),
(1018, 'Josephine', NULL, 'Nepangue', NULL, NULL, 'F', NULL, '/student/', 40),
(1019, 'Mark Bernard', NULL, 'Nunez', NULL, NULL, 'M', NULL, '/student/', 41),
(1020, 'Cherwin', NULL, 'Oliva', NULL, NULL, 'M', NULL, '/student/', 42),
(1021, 'Jennifer', NULL, 'Pitogo', NULL, NULL, 'F', NULL, '/student/', 43),
(1022, 'Kenneth', NULL, 'Rafols', NULL, NULL, 'M', NULL, '/student/', 44),
(1023, 'Reizl', NULL, 'Son', NULL, NULL, 'F', NULL, '/student/', 45),
(1024, 'Carmina', NULL, 'Tapan', NULL, NULL, 'F', NULL, '/student/', 48),
(1025, 'Michelle', NULL, 'Tero', NULL, NULL, 'F', NULL, '/student/', 46),
(1026, 'Eldridge', NULL, 'Torrefranca', NULL, NULL, 'M', NULL, '/student/', 47),
(1027, 'Nova', NULL, 'Vailoces', NULL, NULL, 'F', NULL, '/student/', 25),
(1028, 'Vergel', NULL, 'Dagatan', NULL, NULL, 'M', NULL, '/student/', NULL);

INSERT INTO `student` (`people`, `batch`, `exclusion_reason`, `exclusion_date`, `specialization`) VALUES
(1004, 1, NULL, NULL, NULL),
(1005, 1, NULL, NULL, NULL),
(1006, 1, NULL, NULL, NULL),
(1007, 1, NULL, NULL, NULL),
(1008, 1, NULL, NULL, NULL),
(1009, 1, NULL, NULL, NULL),
(1010, 1, NULL, NULL, NULL),
(1011, 1, NULL, NULL, NULL),
(1012, 1, NULL, NULL, NULL),
(1013, 1, NULL, NULL, NULL),
(1014, 1, NULL, NULL, NULL),
(1015, 1, NULL, NULL, NULL),
(1016, 1, NULL, NULL, NULL),
(1017, 1, NULL, NULL, NULL),
(1018, 1, NULL, NULL, NULL),
(1019, 1, NULL, NULL, NULL),
(1020, 1, NULL, NULL, NULL),
(1021, 1, NULL, NULL, NULL),
(1022, 1, NULL, NULL, NULL),
(1023, 1, NULL, NULL, NULL),
(1024, 1, NULL, NULL, NULL),
(1025, 1, NULL, NULL, NULL),
(1026, 1, NULL, NULL, NULL),
(1027, 1, NULL, NULL, NULL),
(1028, 1, 'Not motivated anymore, wants to quit', '2010-04-01', NULL);

INSERT INTO `studentclass` (`people`, `class`) VALUES
(1004, 1),
(1004, 2),
(1004, 3),
(1004, 4),
(1004, 5),
(1004, 6),
(1005, 1),
(1005, 2),
(1005, 3),
(1005, 4),
(1005, 5),
(1005, 6),
(1006, 1),
(1006, 2),
(1006, 3),
(1006, 4),
(1006, 5),
(1006, 6),
(1007, 1),
(1007, 2),
(1007, 3),
(1007, 4),
(1007, 5),
(1007, 6),
(1008, 1),
(1008, 2),
(1008, 3),
(1008, 4),
(1008, 5),
(1008, 6),
(1009, 1),
(1009, 2),
(1009, 3),
(1009, 4),
(1009, 5),
(1009, 6),
(1010, 1),
(1010, 2),
(1010, 3),
(1010, 4),
(1010, 5),
(1010, 6),
(1011, 1),
(1011, 2),
(1011, 3),
(1011, 4),
(1011, 5),
(1011, 6),
(1012, 1),
(1012, 2),
(1012, 3),
(1012, 4),
(1012, 5),
(1012, 6),
(1013, 1),
(1013, 2),
(1013, 3),
(1013, 4),
(1013, 5),
(1013, 6),
(1014, 1),
(1014, 2),
(1014, 3),
(1014, 4),
(1014, 5),
(1014, 6),
(1015, 1),
(1015, 2),
(1015, 3),
(1015, 4),
(1015, 5),
(1015, 6),
(1016, 1),
(1016, 2),
(1016, 3),
(1016, 4),
(1016, 5),
(1016, 6),
(1017, 1),
(1017, 2),
(1017, 3),
(1017, 4),
(1017, 5),
(1017, 6),
(1018, 1),
(1018, 2),
(1018, 3),
(1018, 4),
(1018, 5),
(1018, 6),
(1019, 1),
(1019, 2),
(1019, 3),
(1019, 4),
(1019, 5),
(1019, 6),
(1020, 1),
(1020, 2),
(1020, 3),
(1020, 4),
(1020, 5),
(1020, 6),
(1021, 1),
(1021, 2),
(1021, 3),
(1021, 4),
(1021, 5),
(1021, 6),
(1022, 1),
(1022, 2),
(1022, 3),
(1022, 4),
(1022, 5),
(1022, 6),
(1023, 1),
(1023, 2),
(1023, 3),
(1023, 4),
(1023, 5),
(1023, 6),
(1024, 1),
(1024, 2),
(1024, 3),
(1024, 4),
(1024, 5),
(1024, 6),
(1025, 1),
(1025, 2),
(1025, 3),
(1025, 4),
(1025, 5),
(1025, 6),
(1026, 1),
(1026, 2),
(1026, 3),
(1026, 4),
(1026, 5),
(1026, 6),
(1027, 1),
(1027, 2),
(1027, 3),
(1027, 4),
(1027, 5),
(1027, 6),
(1028, 1),
(1028, 2);
