INSERT INTO `people` (`id`, `first_name`, `middle_name`, `last_name`, `khmer_first_name`, `khmer_last_name`, `sex`, `birth`, `types`, `picture`) VALUES
(1029, 'Niño Jan', 'Lasprilla', 'Abad', NULL, NULL, 'M', '1994-01-26', '/student/', 288),
(1030, 'Creselda', 'Mier', 'Agtong', NULL, NULL, 'F', '1994-07-14', '/student/', 289),
(1031, 'Lelanie', 'Mejellano', 'Amarillo', NULL, NULL, 'F', '1994-06-28', '/student/', NULL),
(1032, 'Felomena', 'Salmeron', 'Amaya', NULL, NULL, 'F', '1990-12-01', '/student/', 290),
(1033, 'Juliet', 'Villarino', 'Anggoy', NULL, NULL, 'F', '1993-10-25', '/student/', 291),
(1034, 'Cleide Niño', 'Pacaldo', 'Anor', NULL, NULL, 'M', '1992-01-31', '/student/', NULL),
(1035, 'Wea Mae', 'Grengia', 'Baylon', NULL, NULL, 'F', '1993-09-28', '/student/', NULL),
(1036, 'Rhea Grace', 'Cariquitan', 'Beldeniza', NULL, NULL, 'F', '1993-11-15', '/student/', 292),
(1037, 'Alfie', 'Perez', 'Besin', NULL, NULL, 'M', '1994-01-18', '/student/', 293),
(1038, 'Jemina', 'Segundino', 'Bonghanoy', NULL, NULL, 'F', '1992-01-31', '/student/', 294),
(1039, 'Mary Joy', 'Bejar', 'Budiongan', NULL, NULL, 'F', '1994-08-23', '/student/', 295),
(1040, 'Maricris', 'Catulpos', 'Cabuguas', NULL, NULL, 'F', '1993-09-29', '/student/', 296),
(1041, 'Rex', 'Buanghog', 'Cambarijan', NULL, NULL, 'M', '1993-03-14', '/student/', 297),
(1042, 'Richard', 'Ycot', 'Castillo', NULL, NULL, 'M', '1994-07-18', '/student/', 298),
(1043, 'Khristine', 'Fegarido', 'Censon', NULL, NULL, 'F', '1991-11-17', '/student/', 299),
(1044, 'Kriszia', 'Serdaña', 'Cutamora', NULL, NULL, 'F', '1993-12-10', '/student/', 300),
(1045, 'Crestelito', 'Bontilao', 'Cuyno', NULL, NULL, 'M', '1992-11-12', '/student/', 301),
(1046, 'Neil Jayson', 'Semana', 'Dañe', NULL, NULL, 'M', '1992-08-10', '/student/', 302),
(1047, 'Hilario', 'Mier', 'De Luna', NULL, NULL, 'M', '1993-01-13', '/student/', 303),
(1048, 'Lymuel', 'Getuaban', 'Doming', NULL, NULL, 'M', '1993-12-12', '/student/', 304),
(1049, 'Angelyn', 'Delante', 'Eco', NULL, NULL, 'F', '1994-04-24', '/student/', 305),
(1050, 'Fritz Roñel', 'Baladad', 'Elemino', NULL, NULL, 'M', '1994-07-01', '/student/', 306),
(1051, 'Rachel', 'Celeste', 'Eson', NULL, NULL, 'F', '1993-08-24', '/student/', 307),
(1052, 'Melrose', 'Alvarez', 'Estares', NULL, NULL, 'F', '1991-06-24', '/student/', 308),
(1053, 'Rutcher', 'Cabilino', 'Estriba', NULL, NULL, 'M', '1992-08-10', '/student/', 309),
(1054, 'Harold', 'Herbito', 'Gemida', NULL, NULL, 'M', '1993-08-08', '/student/', 310),
(1055, 'Gerardo Jr', 'Campomones', 'Geraldino', NULL, NULL, 'M', '1994-01-04', '/student/', 311),
(1056, 'Rutselinda', 'Ugbinada', 'Gines', NULL, NULL, 'F', '1993-07-25', '/student/', NULL),
(1057, 'Jacqueline', 'Villegas', 'Gonzaga', NULL, NULL, 'F', '1993-08-14', '/student/', 312),
(1058, 'John Rey', 'Colado', 'Javelo', NULL, NULL, 'M', '1991-06-26', '/student/', 313),
(1059, 'Pedro', 'Sonsona', 'Libradilla', NULL, NULL, 'M', '1993-04-29', '/student/', 314),
(1060, 'Jay-ann', 'Bacacao', 'Lim', NULL, NULL, 'F', '1993-03-10', '/student/', 315),
(1061, 'Cheila Mae', 'Florentino', 'Magallanes', NULL, NULL, 'F', '1993-12-19', '/student/', 316),
(1062, 'Elvira', 'Arenas', 'Medio', NULL, NULL, 'F', NULL, '/student/', NULL),
(1063, 'Honey Lynn', 'Laguras', 'Morales', NULL, NULL, 'F', '1993-09-03', '/student/', 317),
(1064, 'Mark Kevin', 'None', 'Olores', NULL, NULL, 'M', '1993-09-05', '/student/', 318),
(1065, 'Ma. Hara August', 'Galvano', 'Pallo', NULL, NULL, 'F', '1993-08-18', '/student/', 319),
(1066, 'Shenie', 'Plantig', 'Palmes', NULL, NULL, 'F', '1993-10-25', '/student/', 320),
(1067, 'Hipolito', 'Amaba', 'Perpo', NULL, NULL, 'M', '1993-08-13', '/student/', 321),
(1068, 'Cindy', 'Sadili', 'Redira', NULL, NULL, 'F', '1993-09-15', '/student/', 322),
(1069, 'Bryan', 'Cañete', 'Serad', NULL, NULL, 'M', '1990-07-25', '/student/', 323),
(1070, 'Gerald', 'Gonzales', 'Tang', NULL, NULL, 'M', '1990-09-02', '/student/', 324),
(1071, 'Jonathan', 'Becher', 'Tangpos', NULL, NULL, 'M', '1993-05-21', '/student/', 325),
(1072, 'Nagelle', 'Delapeña', 'Ubas', NULL, NULL, 'F', '1994-05-14', '/student/', NULL),
(1073, 'Joan', 'Dungog', 'Villariaza', NULL, NULL, 'F', '1993-09-11', '/student/', 326);

INSERT INTO `student` (`people`, `batch`, `exclusion_reason`, `exclusion_date`, `specialization`) VALUES
(1029, 2, NULL, NULL, NULL),
(1030, 2, NULL, NULL, NULL),
(1031, 2, NULL, NULL, NULL),
(1032, 2, NULL, NULL, NULL),
(1033, 2, NULL, NULL, NULL),
(1034, 2, NULL, NULL, NULL),
(1035, 2, NULL, NULL, NULL),
(1036, 2, NULL, NULL, NULL),
(1037, 2, NULL, NULL, NULL),
(1038, 2, NULL, NULL, NULL),
(1039, 2, NULL, NULL, NULL),
(1040, 2, NULL, NULL, NULL),
(1041, 2, NULL, NULL, NULL),
(1042, 2, NULL, NULL, NULL),
(1043, 2, NULL, NULL, NULL),
(1044, 2, NULL, NULL, NULL),
(1045, 2, NULL, NULL, NULL),
(1046, 2, NULL, NULL, NULL),
(1047, 2, NULL, NULL, NULL),
(1048, 2, NULL, NULL, NULL),
(1049, 2, NULL, NULL, NULL),
(1050, 2, NULL, NULL, NULL),
(1051, 2, NULL, NULL, NULL),
(1052, 2, NULL, NULL, NULL),
(1053, 2, NULL, NULL, NULL),
(1054, 2, NULL, NULL, NULL),
(1055, 2, NULL, NULL, NULL),
(1056, 2, NULL, NULL, NULL),
(1057, 2, NULL, NULL, NULL),
(1058, 2, NULL, NULL, NULL),
(1059, 2, NULL, NULL, NULL),
(1060, 2, NULL, NULL, NULL),
(1061, 2, NULL, NULL, NULL),
(1062, 2, NULL, NULL, NULL),
(1063, 2, NULL, NULL, NULL),
(1064, 2, NULL, NULL, NULL),
(1065, 2, NULL, NULL, NULL),
(1066, 2, NULL, NULL, NULL),
(1067, 2, NULL, NULL, NULL),
(1068, 2, NULL, NULL, NULL),
(1069, 2, NULL, NULL, NULL),
(1070, 2, NULL, NULL, NULL),
(1071, 2, NULL, NULL, NULL),
(1072, 2, NULL, NULL, NULL),
(1073, 2, NULL, NULL, NULL);

INSERT INTO `studentclass` (`people`, `class`) VALUES
(1029, 10),
(1029, 15),
(1030, 9),
(1030, 16),
(1031, 15),
(1032, 9),
(1032, 10),
(1033, 9),
(1033, 16),
(1034, 15),
(1035, 9),
(1035, 16),
(1036, 15),
(1036, 16),
(1037, 15),
(1037, 16),
(1038, 9),
(1038, 10),
(1039, 9),
(1039, 16),
(1040, 10),
(1040, 15),
(1041, 9),
(1041, 16),
(1042, 10),
(1042, 15),
(1043, 9),
(1043, 16),
(1044, 15),
(1044, 16),
(1045, 15),
(1045, 16),
(1046, 10),
(1046, 15),
(1047, 9),
(1047, 16),
(1048, 9),
(1048, 16),
(1049, 9),
(1049, 10),
(1050, 9),
(1050, 10),
(1051, 9),
(1051, 16),
(1052, 15),
(1052, 16),
(1053, 9),
(1053, 10),
(1054, 10),
(1054, 15),
(1055, 15),
(1055, 16),
(1056, 9),
(1057, 9),
(1057, 10),
(1058, 9),
(1058, 10),
(1059, 9),
(1059, 16),
(1060, 10),
(1060, 15),
(1061, 9),
(1061, 10),
(1063, 10),
(1063, 15),
(1064, 9),
(1064, 16),
(1065, 15),
(1065, 16),
(1066, 10),
(1066, 15),
(1067, 15),
(1067, 16),
(1068, 10),
(1068, 15),
(1069, 10),
(1069, 15),
(1070, 9),
(1070, 10),
(1071, 9),
(1071, 10),
(1072, 15),
(1073, 15),
(1073, 16);
